﻿{
  "initValue": 6000,
  "tradePair": "btc_jpy",
  "baseCurrOrAmount": "BaseCurr",
  "fixBaseCurrOrAmount": "Amount",
  "maeSabun": 0,
  "atoSabun": 1000,
  "maeOrderType": "buy",
  "maeOrderCloseChkCnt": 20,
  "maeOrderCloseChkInt": 5,
  "atoOrderCloseChkCnt": 40,
  "atoOrderCloseChkInt": 2,
  "runCntMax": 5,
  "orderNoFileName": "E:\\AutoTradeLastOrder\\CC\\orderNo.txt",
  "tradeLogFld": "E:\\AutoTradeLog\\CCBotLog\\",
  "tanizaki": "Your Api Key",
  "goma": "Your Api Secret"
}
