﻿{
  "initValue": 0.0083,
  "tradePair": "btc_jpy",
  "baseCurrOrAmount": "Amount",
  "fixBaseCurrOrAmount": "BaseCurr",
  "maeSabun": 0,
  "atoSabun": -1000,
  "maeOrderType": "sell",
  "maeOrderCloseChkCnt": 20,
  "maeOrderCloseChkInt": 5,
  "atoOrderCloseChkCnt": 40,
  "atoOrderCloseChkInt": 2,
  "runCntMax": 5,
  "orderNoFileName": "E:\\AutoTradeLastOrder\\CC\\orderNo.txt",
  "tradeLogFld": "E:\\AutoTradeLog\\CCBotLog\\",
  "tanizaki": "YOUR API KEY",
  "goma": "YOUR API SECRET",
  "startPrice": 710000.3,
  "startOverUnder": "over"
}
